age_group,claims,avg_severity,total_severity
<25,63,6117978.128571428,856516938.0
25-34,47,17500512.7375,1400041019.0
35-44,24,25729979.1875,1235039001.0
45-54,56,11447920.204081632,1121896180.0
55-64,1,5000.0,5000.0
