coverage_id,claims,avg_severity
42d81165-f6f7-4c0d-b33b-999a3f3ee905,9,6232299.666666667
6c434f2a-d0f3-4442-b4c5-6680ec0fda6d,32,38703129.75
c2b3cdd7-2c89-4d92-aa04-6b343ad91425,95,29538259.90526316
ca2ead83-5b81-4480-9a0b-744ba31601c0,9,6464835.666666667
d348e5c4-1e27-45ca-b261-4e72c116c957,47,73454146.78723404
ed22aeaf-8623-4d4d-ad59-106a774ed9a5,10,108074.8
fa67b067-ffdf-431b-aef5-53e60dfe6be6,20,4979498.8
fc9e6248-5746-4480-a9d0-d683cb6a6c10,4,30270825.0
