month,total_losses,claims,premium,loss_ratio
2023-06,7828319.0,7,200000,39.141595
2023-07,86229622.0,33,200000,431.14811
2023-08,249303612.0,77,200000,1246.51806
2023-09,275736685.0,14,200000,1378.683425
2023-10,3306779100.0,38,200000,16533.8955
2023-11,687620800.0,4,200000,3438.104
