partner,claims,total_cost,avg_severity
AE,89,2523363195.0,28352395.449438203
CH,15,27277822.0,1818521.4666666666
DA,7,20264900.0,2894985.714285714
IT,16,1867339082.0,116708692.625
KV,42,133451308.0,3177412.095238095
SE,3,40601751.0,13533917.0
WO,1,1200080.0,1200080.0
